{
  "model_id": 2,
  "model_name": "improved_egnn_model2",
  "started_from_best": true,
  "best_model_path": "results\\full_qm9\\models\\full_qm9_egnn\\best_model.pth",
  "config": {
    "hidden_dim": 256,
    "num_layers": 5,
    "epochs": 100,
    "batch_size": 32,
    "learning_rate": 0.0001
  },
  "training_time": 64519.08200573921,
  "best_epoch": 99,
  "best_val_loss": 0.012089867010456688,
  "test_metrics": {
    "mae": 0.07767342776060104,
    "rmse": 0.11153452128366304,
    "r2": 0.9924925565719604,
    "mse": 0.012439949437975883,
    "max_error": "2.5142527",
    "mean_error": "0.016637288",
    "std_error": "0.110286675",
    "n_samples": 13084,
    "target_mean": "6.8768463",
    "target_std": "1.2872512"
  },
  "num_parameters": 2704681
}