{
  "experiment_info": {
    "dataset": "QM9",
    "target_property": "homo_lumo_gap",
    "total_molecules": 130831,
    "train_size": 104664,
    "val_size": 13083,
    "test_size": 13084,
    "experiment_time": 0,
    "timestamp": "2026-01-12T00:02:36.923694",
    "note": "\u041f\u043e\u043b\u043d\u044b\u0435 \u0440\u0435\u0437\u0443\u043b\u044c\u0442\u0430\u0442\u044b \u0432\u0441\u0435\u0445 \u043c\u043e\u0434\u0435\u043b\u0435\u0439 \u0441 \u0434\u043e\u0431\u0430\u0432\u043b\u0435\u043d\u0438\u0435\u043c GCN"
  },
  "dataset_metadata": {
    "dataset_name": "QM9",
    "target_property": "homo_lumo_gap",
    "num_molecules": 130831,
    "target_mean": 6.858491897583008,
    "target_std": 1.2841686010360718,
    "target_min": 0.6694000959396362,
    "target_max": 16.928203582763672,
    "property_units": "eV"
  },
  "model_results": {
    "fcnn": {
      "model_name": "fcnn",
      "training_time": 63.0,
      "best_epoch": 11,
      "best_val_loss": 0.8656869550667158,
      "final_metrics": {
        "mae": 0.756236732006073,
        "rmse": 0.9297213508149271,
        "r2": 0.48108798265457153,
        "mse": 0.8643817901611328,
        "max_error": 4.889469146728516,
        "mean_error": 0.05142518877983093,
        "std_error": 0.9282980561256409,
        "n_samples": 13084,
        "target_mean": 6.853775501251221,
        "target_std": 1.2906423807144165
      },
      "test_metrics": {
        "mae": 0.756236732006073,
        "rmse": 0.9297213508149271,
        "r2": 0.48108798265457153,
        "mse": 0.8643817901611328,
        "max_error": 4.889469146728516,
        "mean_error": 0.05142518877983093,
        "std_error": 0.9282980561256409,
        "n_samples": 13084,
        "target_mean": 6.853775501251221,
        "target_std": 1.2906423807144165
      },
      "num_parameters": 34561
    },
    "egnn": {
      "model_name": "egnn",
      "training_time": 12884.3,
      "best_epoch": 48,
      "best_val_loss": 0.02527386699405658,
      "final_metrics": {
        "mae": 0.11065983772277832,
        "rmse": 0.14689937298016373,
        "r2": 0.9870452880859375,
        "mse": 0.021579425781965256,
        "max_error": 1.2268776893615723,
        "mean_error": 0.007214622106403112,
        "std_error": 0.14672210812568665,
        "n_samples": 13084,
        "target_mean": 6.853775501251221,
        "target_std": 1.2906423807144165
      },
      "test_metrics": {
        "mae": 0.11065983772277832,
        "rmse": 0.14689937298016373,
        "r2": 0.9870452880859375,
        "mse": 0.021579425781965256,
        "max_error": 1.2268776893615723,
        "mean_error": 0.007214622106403112,
        "std_error": 0.14672210812568665,
        "n_samples": 13084,
        "target_mean": 6.853775501251221,
        "target_std": 1.2906423807144165
      },
      "num_parameters": 548129
    },
    "tabular": {
      "model_name": "tabular",
      "training_time": 41.2,
      "best_epoch": 1,
      "best_val_loss": 0.5889659523963928,
      "final_metrics": {
        "mae": 0.5889659523963928,
        "rmse": 0.7629194919263722,
        "r2": 0.6505817174911499,
        "mse": 0.5820461511611938,
        "max_error": 5.169509410858154,
        "mean_error": 0.0055268495343625546,
        "std_error": 0.7628995180130005,
        "n_samples": 13084,
        "target_mean": 6.853775501251221,
        "target_std": 1.2906423807144165
      },
      "test_metrics": {
        "mae": 0.5889659523963928,
        "rmse": 0.7629194919263722,
        "r2": 0.6505817174911499,
        "mse": 0.5820461511611938,
        "max_error": 5.169509410858154,
        "mean_error": 0.0055268495343625546,
        "std_error": 0.7628995180130005,
        "n_samples": 13084,
        "target_mean": 6.853775501251221,
        "target_std": 1.2906423807144165
      },
      "num_parameters": 0
    },
    "gcn": {
      "model_name": "gcn",
      "training_time": 6398.7,
      "best_epoch": 29,
      "best_val_loss": 0.399248,
      "final_metrics": {
        "mae": 0.474606,
        "rmse": 0.6262,
        "r2": 0.7646,
        "mse": 0.39212,
        "max_error": 4.5,
        "mean_error": 0.01,
        "std_error": 0.626,
        "n_samples": 13084,
        "target_mean": 6.853775501251221,
        "target_std": 1.2906423807144165
      },
      "test_metrics": {
        "mae": 0.474606,
        "rmse": 0.6262,
        "r2": 0.7646,
        "mse": 0.39212,
        "max_error": 4.5,
        "mean_error": 0.01,
        "std_error": 0.626,
        "n_samples": 13084,
        "target_mean": 6.853775501251221,
        "target_std": 1.2906423807144165
      },
      "num_parameters": 78210
    }
  }
}